[
  {
    "id": "2",
    "author": {
      "id": "u2",
      "name": "Vadim Savin",
      "position": "Founder at notJust.dev",
      "image": "https://notjustdev-dummy.s3.us-east-2.amazonaws.com/avatars/vadim.png"
    },
    "content": "What does notJust Developer mean to you?",
    "image": "https://notjustdev-dummy.s3.us-east-2.amazonaws.com/pinterest/0.jpeg",
    "likes": 348,
    "comments": []
  },
  {
    "id": "stepzen",
    "author": {
      "id": "u2",
      "name": "StepZen, an IBM Company",
      "position": "GraphQL server with unique architecture",
      "image": "https://notjustdev-dummy.s3.us-east-2.amazonaws.com/avatars/stepzen.jpeg"
    },
    "content": "Become a GraphQL Ninja with StepZen 🚀",
    "image": "https://notjustdev-dummy.s3.us-east-2.amazonaws.com/images/stepzen-stickers.png",
    "likes": 348,
    "comments": []
  },
  {
    "id": "1",
    "author": {
      "id": "u1",
      "name": "Jeff Bezon",
      "position": "Intern @Amazon",
      "image": "https://notjustdev-dummy.s3.us-east-2.amazonaws.com/avatars/jeff.jpeg"
    },
    "content": "Exciting news! Just landed an internship at Amazon. I figured it's about time I try out this whole e-commerce thing. 😄 #NewBeginnings #FromCEOtoIntern",
    "likes": 254,
    "comments": [
      {
        "user": {
          "name": "Elon Musk",
          "image": "https://notjustdev-dummy.s3.us-east-2.amazonaws.com/avatars/elon.png"
        },
        "comment": "Fight me",
        "timestamp": "2023-07-16T17:15:00Z"
      },
      {
        "user": {
          "name": "Peter Johnson",
          "image": "https://notjustdev-dummy.s3.us-east-2.amazonaws.com/avatars/11.png"
        },
        "comment": "Great job!",
        "timestamp": "2023-07-16T18:00:00Z"
      }
    ]
  },
  {
    "id": "3",
    "author": {
      "id": "u3",
      "name": "Peter Johnson",
      "position": "CTO at Facebook",
      "image": "https://notjustdev-dummy.s3.us-east-2.amazonaws.com/avatars/zuck.jpeg"
    },
    "content": "Join me for a talk on scaling technology in startups",
    "likes": 432,
    "comments": []
  }
]
